url,format
https://youtube.com/watch?v=fYZhPUImQPU,mp4
https://youtube.com/watch?v=5nIuoBq1c_U,mp4
https://youtube.com/watch?v=nqlz70TQbQI,mp4
https://youtube.com/watch?v=DpMxYA1dsfM,mp4
https://youtube.com/watch?v=I6pPJStpg7g,mp4
https://youtube.com/watch?v=yhqcvgZUiB8,mp4
https://youtube.com/watch?v=30iasujFGIE,mp4
https://youtube.com/watch?v=K8cRkQ7vI_I,mp4
https://youtube.com/watch?v=MjJAqNm_vy0,mp4
https://youtube.com/watch?v=MDlpbXg3DwM,mp4
https://youtube.com/watch?v=hp9oo6VY1KM,mp4
https://youtube.com/watch?v=Vh-kTQ7gmYo,mp4
https://youtube.com/watch?v=pcBLamRwSas,mp4
https://youtube.com/watch?v=7A5EppN9c-c,mp4
https://youtube.com/watch?v=_PIm7900Dj4,mp4
https://youtube.com/watch?v=nWbBLBL2DiM,mp4
https://youtube.com/watch?v=IpU-1Kb8ADc,mp4
https://youtube.com/watch?v=M1wNPHmBZOs,mp4
https://youtube.com/watch?v=E3J7GiXncuE,mp4
https://youtube.com/watch?v=deVityitoQU,mp4
https://youtube.com/watch?v=etCOf6nUmfA,mp4
https://youtube.com/watch?v=2VS1WAozwGQ,mp4
https://youtube.com/watch?v=rlPjiG9HOuY,mp4
https://youtube.com/watch?v=YbesdVRmz9c,mp4
https://youtube.com/watch?v=fV-_7FKU4HQ,mp4
https://youtube.com/watch?v=kGQZ_ePKf1A,mp4
https://youtube.com/watch?v=TPo5AyS-bNw,mp4
https://youtube.com/watch?v=x0uBFd2uGi0,mp4
https://youtube.com/watch?v=6tbaGjEk-m0,mp4
https://youtube.com/watch?v=iAn-Pthbnhk,mp4
https://youtube.com/watch?v=ZLmFGo65za4,mp4
https://youtube.com/watch?v=2ZYdnqJBt4I,mp4
https://youtube.com/watch?v=u5R56d8q66A,mp4
https://youtube.com/watch?v=12Fh1yAW-84,mp4
https://youtube.com/watch?v=pSFAHtSG9F0,mp4
https://youtube.com/watch?v=FdTavqGrrL4,mp4
https://youtube.com/watch?v=7JARCftUQtc,mp4
https://youtube.com/watch?v=sN4z65Z433g,mp4
https://youtube.com/watch?v=vdvMx9JVILY,mp4
https://youtube.com/watch?v=F35r1Uc24gA,mp4
https://youtube.com/watch?v=aVr7UfloTak,mp4
https://youtube.com/watch?v=z4CeDZmLqlU,mp4
https://youtube.com/watch?v=IqH7xy_r7Lo,mp4
https://youtube.com/watch?v=EE4fIswSTWc,mp4
https://youtube.com/watch?v=LAbN4K0aqOw,mp4
https://youtube.com/watch?v=7lke0jNotjo,mp4
https://youtube.com/watch?v=4suYC9JYzps,mp4
https://youtube.com/watch?v=ynYmJEF0rzs,mp4
https://youtube.com/watch?v=-5ehQ7-z17s,mp4
https://youtube.com/watch?v=xu54V5fcwJU,mp4
https://youtube.com/watch?v=UjqbPe-V17c,mp4
https://youtube.com/watch?v=mLWw7LbLCeY,mp4
https://youtube.com/watch?v=L0zcP-GXw-0,mp4
https://youtube.com/watch?v=Xu4It9vY9Kk,mp4
https://youtube.com/watch?v=u9c0Xi8bJtw,mp4
https://youtube.com/watch?v=K1o_rv6j0R8,mp4
https://youtube.com/watch?v=JKRAcjLrqJg,mp4
https://youtube.com/watch?v=BQWKwpRzpQ8,mp4
https://youtube.com/watch?v=-3Pb5bideOc,mp4
https://youtube.com/watch?v=CzthNegoWsA,mp4
https://youtube.com/watch?v=UT-uBdjFwnE,mp4
https://youtube.com/watch?v=20guc7MAOZo,mp4
https://youtube.com/watch?v=z5agqWM-F38,mp4
https://youtube.com/watch?v=U-wb97cd08Y,mp4
https://youtube.com/watch?v=Wvp48BUFLBo,mp4
https://youtube.com/watch?v=ne9JDfdfR0k,mp4
https://youtube.com/watch?v=lTBVKtyciLc,mp4
https://youtube.com/watch?v=NhZi6x3aCFo,mp4
https://youtube.com/watch?v=o26VXWdqb-w,mp4
https://youtube.com/watch?v=70OoPsyxi8Q,mp4
https://youtube.com/watch?v=f4b72jK6RjU,mp4
https://youtube.com/watch?v=etXtH-dlY_A,mp4
https://youtube.com/watch?v=oWtjUkfwE-M,mp4
https://youtube.com/watch?v=MjZFUM1Srpk,mp4
https://youtube.com/watch?v=YFUgwzXeNSE,mp4
https://youtube.com/watch?v=4RjY-gJ5YR0,mp4
https://youtube.com/watch?v=b13JA2M8N1E,mp4
https://youtube.com/watch?v=0tZvZtGSlxk,mp4
https://youtube.com/watch?v=wFzhLiG7CUY,mp4
https://youtube.com/watch?v=FoK5e72T_7A,mp4
https://www.youtube.com/playlist?list=PLG_F6zcAGn0uf89YrXlZxafSAxjOPMNFA,mp4
https://www.youtube.com/playlist?list=PLG_F6zcAGn0vlcH9-ENaw1C-alNTxkq-e,mp4
https://www.youtube.com/playlist?list=PLG_F6zcAGn0tG3E2K8b1MTdyRIuRCXt5V,mp4
https://www.youtube.com/playlist?list=PLG_F6zcAGn0ubbYolG0yRdgBkDDk_TsJx,mp4
https://www.youtube.com/playlist?list=PLG_F6zcAGn0vWVl2Km24Yy9ifOiXPBYxu,mp4
https://www.youtube.com/playlist?list=PLG_F6zcAGn0vbctiqhTMblLMQol7Qnblb,mp4
https://www.youtube.com/playlist?list=PLG_F6zcAGn0vxo_PykCQ8A776nlevBYY8,mp4
https://www.youtube.com/playlist?list=PLG_F6zcAGn0vLJIfpAQVggfWeZzAzu0h6,mp4
https://www.youtube.com/playlist?list=PLG_F6zcAGn0upq-5pCitvIDMvqdSkQ-t9,mp4
https://www.youtube.com/playlist?list=PLG_F6zcAGn0uo2bDuo3jI_xDLKmliYxTe,mp4
https://www.youtube.com/playlist?list=PLG_F6zcAGn0vHPi6VD7jpiPliP3MD90zO,mp4
https://www.youtube.com/playlist?list=PLG_F6zcAGn0uYbf3-CyF2bS6FGB0K_jqy,mp4
https://www.youtube.com/playlist?list=PLG_F6zcAGn0tv98ZCUpx-OcPh4OVSGXAI,mp4
https://www.youtube.com/playlist?list=PLG_F6zcAGn0s1aduonLpi3YTipM1q5K9O,mp4
https://www.youtube.com/playlist?list=PLG_F6zcAGn0uuwQjyEuCxclL7ZMwHz-VR,mp4
https://www.youtube.com/playlist?list=PLG_F6zcAGn0urHOfhcYcs0eEgnyjrD-85,mp4
https://www.youtube.com/playlist?list=PLG_F6zcAGn0t3PRZr-1ulsup7hZCYc5GN,mp4
https://www.youtube.com/playlist?list=PLG_F6zcAGn0tsCgrPPB-FV9pjkPqpv6TI,mp4
https://www.youtube.com/playlist?list=PLG_F6zcAGn0tvwbu38TqH0cBaDsTWz_Iq,mp4
https://www.youtube.com/playlist?list=PLG_F6zcAGn0ucidoOEiOE-o77nS7BGTga,mp4
https://www.youtube.com/playlist?list=PLG_F6zcAGn0uf89YrXlZxafSAxjOPMNFA,mp3
https://www.youtube.com/playlist?list=PLG_F6zcAGn0vlcH9-ENaw1C-alNTxkq-e,mp3
https://www.youtube.com/playlist?list=PLG_F6zcAGn0tG3E2K8b1MTdyRIuRCXt5V,mp3
https://www.youtube.com/playlist?list=PLG_F6zcAGn0ubbYolG0yRdgBkDDk_TsJx,mp3
https://www.youtube.com/playlist?list=PLG_F6zcAGn0vWVl2Km24Yy9ifOiXPBYxu,mp3
https://www.youtube.com/playlist?list=PLG_F6zcAGn0vbctiqhTMblLMQol7Qnblb,mp3
https://www.youtube.com/playlist?list=PLG_F6zcAGn0vxo_PykCQ8A776nlevBYY8,mp3
https://www.youtube.com/playlist?list=PLG_F6zcAGn0vLJIfpAQVggfWeZzAzu0h6,mp3
https://www.youtube.com/playlist?list=PLG_F6zcAGn0upq-5pCitvIDMvqdSkQ-t9,mp3
https://www.youtube.com/playlist?list=PLG_F6zcAGn0uo2bDuo3jI_xDLKmliYxTe,mp3
https://www.youtube.com/playlist?list=PLG_F6zcAGn0vHPi6VD7jpiPliP3MD90zO,mp3
https://www.youtube.com/playlist?list=PLG_F6zcAGn0uYbf3-CyF2bS6FGB0K_jqy,mp3
https://www.youtube.com/playlist?list=PLG_F6zcAGn0tv98ZCUpx-OcPh4OVSGXAI,mp3
https://www.youtube.com/playlist?list=PLG_F6zcAGn0s1aduonLpi3YTipM1q5K9O,mp3
https://www.youtube.com/playlist?list=PLG_F6zcAGn0uuwQjyEuCxclL7ZMwHz-VR,mp3
https://www.youtube.com/playlist?list=PLG_F6zcAGn0urHOfhcYcs0eEgnyjrD-85,mp3
https://www.youtube.com/playlist?list=PLG_F6zcAGn0t3PRZr-1ulsup7hZCYc5GN,mp3
https://www.youtube.com/playlist?list=PLG_F6zcAGn0tsCgrPPB-FV9pjkPqpv6TI,mp3
https://www.youtube.com/playlist?list=PLG_F6zcAGn0tvwbu38TqH0cBaDsTWz_Iq,mp3
https://www.youtube.com/playlist?list=PLG_F6zcAGn0ucidoOEiOE-o77nS7BGTga,mp3
https://www.youtube.com/playlist?list=PLG_F6zcAGn0uf89YrXlZxafSAxjOPMNFA,webm
https://www.youtube.com/playlist?list=PLG_F6zcAGn0vlcH9-ENaw1C-alNTxkq-e,webm
https://www.youtube.com/playlist?list=PLG_F6zcAGn0tG3E2K8b1MTdyRIuRCXt5V,webm
https://www.youtube.com/playlist?list=PLG_F6zcAGn0ubbYolG0yRdgBkDDk_TsJx,webm
https://www.youtube.com/playlist?list=PLG_F6zcAGn0vWVl2Km24Yy9ifOiXPBYxu,webm
https://www.youtube.com/playlist?list=PLG_F6zcAGn0vbctiqhTMblLMQol7Qnblb,webm
https://www.youtube.com/playlist?list=PLG_F6zcAGn0vxo_PykCQ8A776nlevBYY8,webm
https://www.youtube.com/playlist?list=PLG_F6zcAGn0vLJIfpAQVggfWeZzAzu0h6,webm
https://www.youtube.com/playlist?list=PLG_F6zcAGn0upq-5pCitvIDMvqdSkQ-t9,webm
https://www.youtube.com/playlist?list=PLG_F6zcAGn0uo2bDuo3jI_xDLKmliYxTe,webm
https://www.youtube.com/playlist?list=PLG_F6zcAGn0vHPi6VD7jpiPliP3MD90zO,webm
https://www.youtube.com/playlist?list=PLG_F6zcAGn0uYbf3-CyF2bS6FGB0K_jqy,webm
https://www.youtube.com/playlist?list=PLG_F6zcAGn0tv98ZCUpx-OcPh4OVSGXAI,webm
https://www.youtube.com/playlist?list=PLG_F6zcAGn0s1aduonLpi3YTipM1q5K9O,webm
https://www.youtube.com/playlist?list=PLG_F6zcAGn0uuwQjyEuCxclL7ZMwHz-VR,webm
https://www.youtube.com/playlist?list=PLG_F6zcAGn0urHOfhcYcs0eEgnyjrD-85,webm
https://www.youtube.com/playlist?list=PLG_F6zcAGn0t3PRZr-1ulsup7hZCYc5GN,webm
https://www.youtube.com/playlist?list=PLG_F6zcAGn0tsCgrPPB-FV9pjkPqpv6TI,webm
https://www.youtube.com/playlist?list=PLG_F6zcAGn0tvwbu38TqH0cBaDsTWz_Iq,webm
https://www.youtube.com/playlist?list=PLG_F6zcAGn0ucidoOEiOE-o77nS7BGTga,webm
https://www.youtube.com/playlist?list=PLG_F6zcAGn0uf89YrXlZxafSAxjOPMNFA,m4a
https://www.youtube.com/playlist?list=PLG_F6zcAGn0vlcH9-ENaw1C-alNTxkq-e,m4a
https://www.youtube.com/playlist?list=PLG_F6zcAGn0tG3E2K8b1MTdyRIuRCXt5V,m4a
https://www.youtube.com/playlist?list=PLG_F6zcAGn0ubbYolG0yRdgBkDDk_TsJx,m4a
https://www.youtube.com/playlist?list=PLG_F6zcAGn0vWVl2Km24Yy9ifOiXPBYxu,m4a
https://www.youtube.com/playlist?list=PLG_F6zcAGn0vbctiqhTMblLMQol7Qnblb,m4a
https://www.youtube.com/playlist?list=PLG_F6zcAGn0vxo_PykCQ8A776nlevBYY8,m4a
https://www.youtube.com/playlist?list=PLG_F6zcAGn0vLJIfpAQVggfWeZzAzu0h6,m4a
https://www.youtube.com/playlist?list=PLG_F6zcAGn0upq-5pCitvIDMvqdSkQ-t9,m4a
https://www.youtube.com/playlist?list=PLG_F6zcAGn0uo2bDuo3jI_xDLKmliYxTe,m4a
https://www.youtube.com/playlist?list=PLG_F6zcAGn0vHPi6VD7jpiPliP3MD90zO,m4a
https://www.youtube.com/playlist?list=PLG_F6zcAGn0uYbf3-CyF2bS6FGB0K_jqy,m4a
https://www.youtube.com/playlist?list=PLG_F6zcAGn0tv98ZCUpx-OcPh4OVSGXAI,m4a
https://www.youtube.com/playlist?list=PLG_F6zcAGn0s1aduonLpi3YTipM1q5K9O,m4a
https://www.youtube.com/playlist?list=PLG_F6zcAGn0uuwQjyEuCxclL7ZMwHz-VR,m4a
https://www.youtube.com/playlist?list=PLG_F6zcAGn0urHOfhcYcs0eEgnyjrD-85,m4a
https://www.youtube.com/playlist?list=PLG_F6zcAGn0t3PRZr-1ulsup7hZCYc5GN,m4a
https://www.youtube.com/playlist?list=PLG_F6zcAGn0tsCgrPPB-FV9pjkPqpv6TI,m4a
https://www.youtube.com/playlist?list=PLG_F6zcAGn0tvwbu38TqH0cBaDsTWz_Iq,m4a
https://www.youtube.com/playlist?list=PLG_F6zcAGn0ucidoOEiOE-o77nS7BGTga,m4a